{
  "per_fold": [
    {
      "fold_id": 1,
      "test_season": "2017-18",
      "rf_regression": {
        "mae_m": 681.7595734992163,
        "rmse_m": 979.0492347262585,
        "r2": 0.7291310412022072,
        "pi90_coverage": 0.8543046357615894,
        "pi90_mean_width_m": 2465.400221249157,
        "n": 151
      },
      "climatology_regression": {
        "mae_m": 1009.6794588546942,
        "rmse_m": 1444.742542930458,
        "r2": 0.4101642429631759,
        "pi90_coverage": null,
        "pi90_mean_width_m": null,
        "n": 151
      },
      "persistence_regression": {
        "mae_m": 4385.089373245033,
        "rmse_m": 4680.145587432497,
        "r2": -5.189690018074989,
        "pi90_coverage": null,
        "pi90_mean_width_m": null,
        "n": 151
      },
      "rf_classification": {
        "accuracy": 0.7682119205298014,
        "balanced_accuracy": 0.5315577750034679,
        "macro_f1": 0.5201665754151942,
        "per_class_precision": {
          "Normal": 0.8260869565217391,
          "Delays": 0.7017543859649122,
          "Diversions": 0.0
        },
        "per_class_recall": {
          "Normal": 0.8539325842696629,
          "Delays": 0.7407407407407407,
          "Diversions": 0.0
        },
        "per_class_f1": {
          "Normal": 0.8397790055248618,
          "Delays": 0.7207207207207207,
          "Diversions": 0.0
        },
        "multiclass_brier": 0.2877733446537572,
        "confusion": [
          [
            76,
            13,
            0
          ],
          [
            12,
            40,
            2
          ],
          [
            4,
            4,
            0
          ]
        ],
        "n": 151
      }
    },
    {
      "fold_id": 2,
      "test_season": "2018-19",
      "rf_regression": {
        "mae_m": 784.4259509364211,
        "rmse_m": 1102.5379725910088,
        "r2": 0.5183813359433114,
        "pi90_coverage": 0.8590604026845637,
        "pi90_mean_width_m": 2534.4867222681046,
        "n": 149
      },
      "climatology_regression": {
        "mae_m": 1047.0096837583892,
        "rmse_m": 1459.149380781038,
        "r2": 0.15644052644805928,
        "pi90_coverage": null,
        "pi90_mean_width_m": null,
        "n": 149
      },
      "persistence_regression": {
        "mae_m": 4658.996875167785,
        "rmse_m": 4941.119858730481,
        "r2": -8.673128888175478,
        "pi90_coverage": null,
        "pi90_mean_width_m": null,
        "n": 149
      },
      "rf_classification": {
        "accuracy": 0.7986577181208053,
        "balanced_accuracy": 0.5479166666666667,
        "macro_f1": 0.540360873694207,
        "per_class_precision": {
          "Normal": 0.8414634146341463,
          "Delays": 0.7575757575757576,
          "Diversions": 0.0
        },
        "per_class_recall": {
          "Normal": 0.8625,
          "Delays": 0.78125,
          "Diversions": 0.0
        },
        "per_class_f1": {
          "Normal": 0.8518518518518519,
          "Delays": 0.7692307692307693,
          "Diversions": 0.0
        },
        "multiclass_brier": 0.27193970937899326,
        "confusion": [
          [
            69,
            11,
            0
          ],
          [
            13,
            50,
            1
          ],
          [
            0,
            5,
            0
          ]
        ],
        "n": 149
      }
    },
    {
      "fold_id": 3,
      "test_season": "2019-20",
      "rf_regression": {
        "mae_m": 661.8696996431883,
        "rmse_m": 886.2638362062899,
        "r2": 0.6906720340108988,
        "pi90_coverage": 0.875,
        "pi90_mean_width_m": 2624.2639272075253,
        "n": 152
      },
      "climatology_regression": {
        "mae_m": 758.4562989473685,
        "rmse_m": 1034.522891605747,
        "r2": 0.5785235250136593,
        "pi90_coverage": null,
        "pi90_mean_width_m": null,
        "n": 152
      },
      "persistence_regression": {
        "mae_m": 4129.343772631579,
        "rmse_m": 4434.801660724218,
        "r2": -6.7453586399536904,
        "pi90_coverage": null,
        "pi90_mean_width_m": null,
        "n": 152
      },
      "rf_classification": {
        "accuracy": 0.7368421052631579,
        "balanced_accuracy": 0.833630421865716,
        "macro_f1": 0.5939358199420118,
        "per_class_precision": {
          "Normal": 0.9583333333333334,
          "Delays": 0.6029411764705882,
          "Diversions": 0.16666666666666666
        },
        "per_class_recall": {
          "Normal": 0.696969696969697,
          "Delays": 0.803921568627451,
          "Diversions": 1.0
        },
        "per_class_f1": {
          "Normal": 0.8070175438596491,
          "Delays": 0.6890756302521008,
          "Diversions": 0.2857142857142857
        },
        "multiclass_brier": 0.31544811498212727,
        "confusion": [
          [
            69,
            27,
            3
          ],
          [
            3,
            41,
            7
          ],
          [
            0,
            0,
            2
          ]
        ],
        "n": 152
      }
    },
    {
      "fold_id": 4,
      "test_season": "2020-21",
      "rf_regression": {
        "mae_m": 977.6833711274069,
        "rmse_m": 1242.655788918194,
        "r2": 0.4126938375672282,
        "pi90_coverage": 0.6133333333333333,
        "pi90_mean_width_m": 2503.181713663126,
        "n": 150
      },
      "climatology_regression": {
        "mae_m": 1285.13807488,
        "rmse_m": 1599.932006167789,
        "r2": 0.026432840058038476,
        "pi90_coverage": null,
        "pi90_mean_width_m": null,
        "n": 150
      },
      "persistence_regression": {
        "mae_m": 3418.7294592000003,
        "rmse_m": 3636.471686802203,
        "r2": -4.0294823016221875,
        "pi90_coverage": null,
        "pi90_mean_width_m": null,
        "n": 150
      },
      "rf_classification": {
        "accuracy": 0.68,
        "balanced_accuracy": 0.549618320610687,
        "macro_f1": 0.401605504587156,
        "per_class_precision": {
          "Normal": 0.9770114942528736,
          "Delays": 0.2698412698412698,
          "Diversions": 0.0
        },
        "per_class_recall": {
          "Normal": 0.648854961832061,
          "Delays": 1.0,
          "Diversions": 0.0
        },
        "per_class_f1": {
          "Normal": 0.7798165137614679,
          "Delays": 0.425,
          "Diversions": 0.0
        },
        "multiclass_brier": 0.42167489830231414,
        "confusion": [
          [
            85,
            46,
            0
          ],
          [
            0,
            17,
            0
          ],
          [
            2,
            0,
            0
          ]
        ],
        "n": 150
      }
    },
    {
      "fold_id": 5,
      "test_season": "2021-22",
      "rf_regression": {
        "mae_m": 926.9697015956733,
        "rmse_m": 1206.4504342274709,
        "r2": 0.5470745566366103,
        "pi90_coverage": 0.7066666666666667,
        "pi90_mean_width_m": 2719.1566287108626,
        "n": 150
      },
      "climatology_regression": {
        "mae_m": 1003.6226816,
        "rmse_m": 1335.1608395045132,
        "r2": 0.4452785981384657,
        "pi90_coverage": null,
        "pi90_mean_width_m": null,
        "n": 150
      },
      "persistence_regression": {
        "mae_m": 3684.217574399999,
        "rmse_m": 4046.472566328402,
        "r2": -4.095196654643922,
        "pi90_coverage": null,
        "pi90_mean_width_m": null,
        "n": 150
      },
      "rf_classification": {
        "accuracy": 0.7466666666666667,
        "balanced_accuracy": 0.5611553197760094,
        "macro_f1": 0.4801262734969149,
        "per_class_precision": {
          "Normal": 0.9882352941176471,
          "Delays": 0.4444444444444444,
          "Diversions": 0.0
        },
        "per_class_recall": {
          "Normal": 0.717948717948718,
          "Delays": 0.9655172413793104,